{"RandomForest": {"Mean Absolute Error (MAE)": 2558.626149401698, "Mean Squared Error (MSE)": 21280667.045160882, "R-squared (R\u00b2) Score": 0.8756372600021922, "Root Mean Squared Error (RMSE)": 4613.097337490385}, "KNeighbors": {"Mean Absolute Error (MAE)": 8366.208997000556, "Mean Squared Error (MSE)": 146171195.07793364, "R-squared (R\u00b2) Score": 0.14578568942087966, "Root Mean Squared Error (RMSE)": 12090.128000891207}, "Linear": {"Mean Absolute Error (MAE)": 4182.803777070157, "Mean Squared Error (MSE)": 38935221.010640755, "R-squared (R\u00b2) Score": 0.7724652729621758, "Root Mean Squared Error (RMSE)": 6239.809372940872}, "Ridge": {"Mean Absolute Error (MAE)": 4184.269957223627, "Mean Squared Error (MSE)": 38951029.64027963, "R-squared (R\u00b2) Score": 0.7723728884286776, "Root Mean Squared Error (RMSE)": 6241.076000200576}, "SVR": {"Mean Absolute Error (MAE)": 8715.953996231925, "Mean Squared Error (MSE)": 191560621.05658436, "R-squared (R\u00b2) Score": -0.11946696312302985, "Root Mean Squared Error (RMSE)": 13840.542657590575}}